model,accuracy,f1,auc
LogisticRegression,0.9478260869565217,0.9411764705882353,0.9903606965174129
DecisionTreeClassifier,0.9826086956521739,0.9795918367346939,0.9850746268656717
