model,split,accuracy,f1,auc
LogisticRegression,val,0.9478260869565217,0.9411764705882353,0.9903606965174129
LogisticRegression,test,0.9396551724137931,0.9320388349514563,0.9878160219311605
