model,split,accuracy,f1,auc
DecisionTreeClassifier,val,0.9826086956521739,0.9795918367346939,0.9850746268656717
DecisionTreeClassifier,test,0.9741379310344828,0.9702970297029703,0.9776119402985074
