rmse,mae,accuracy,f1,auc
0.9933093583856024,0.7958617119167162,0.9478260869565217,0.9411764705882353,0.9549129353233831
