rmse,mae,accuracy,f1,auc
1.7128785101155166,1.30351363658905,0.9396551724137931,0.9320388349514563,0.9655802619555285
