rmse,mae,accuracy,f1,auc
0.9652522837201389,0.7685148551546294,0.9396551724137931,0.9320388349514563,0.9613158696314347
