rmse,mae,accuracy,f1,auc
1.7032848813099488,1.3150898167154061,0.9478260869565217,0.9411764705882353,0.9670398009950248
