{
  "best_params": {
    "n_layers": 2,
    "units_0": 64,
    "units_1": 32,
    "activation": "relu",
    "batchnorm": true,
    "dropout": 0.2,
    "lr": 0.001,
    "batch_size": 32,
    "epochs": 200
  },
  "val_metrics": {
    "rmse": 1.7032848813099488,
    "mae": 1.3150898167154061,
    "accuracy": 0.9478260869565217,
    "f1": 0.9411764705882353,
    "auc": 0.9670398009950248
  },
  "test_metrics": {
    "rmse": 1.7128785101155166,
    "mae": 1.30351363658905,
    "accuracy": 0.9396551724137931,
    "f1": 0.9320388349514563,
    "auc": 0.9655802619555285
  }
}