{
  "best_params": {
    "n_layers": 2,
    "units_0": 64,
    "units_1": 32,
    "activation": "relu",
    "batchnorm": true,
    "dropout": 0.2,
    "lr": 0.001,
    "batch_size": 32,
    "epochs": 200
  },
  "val_metrics": {
    "rmse": 0.9933093583856024,
    "mae": 0.7958617119167162,
    "accuracy": 0.9478260869565217,
    "f1": 0.9411764705882353,
    "auc": 0.9549129353233831
  },
  "test_metrics": {
    "rmse": 0.9652522837201389,
    "mae": 0.7685148551546294,
    "accuracy": 0.9396551724137931,
    "f1": 0.9320388349514563,
    "auc": 0.9613158696314347
  }
}