model,mae,rmse
LinearRegression,4.574880575136647,6.303474336608424
DecisionTreeRegressor,1.3566404109423778,1.9622808834604295
